pink,frusia,putih,cat eye,bunga,french crop,pita
pink,frusia,putih,bunga,french crop
cokelat gel,pink,chrome,matahari,abstrak,french crop
merah maron,cat eye
hitam,putih,chrome,mutiara,love 3D,pita,abstrak
pink,cat eye,bintang,french crop,abstrak
pink,cat eye,putih,pita,mutiara,3D bunga,3D kerang,french crop
pink frusia,cat eye,chrome,kupu-kupu,daun,abstrak
merah,pink frusia,pink pastel,stiker,chrome,pita,abstrak
abu-abu,kuning,cat eye,pink,hijau muda,chrome,french crop,3D bunga,bunga
putih,cat eye,pink,chrome,manik-manik,stamp,painting flower,bunga,painting pemandangan
putih,cat eye,hijau muda,peach,ungu,chrome,kuning,orange,hitam,mutiara,manik-manik,3D bunga,daun,abstrak
merah maron,cat eye,french crop,chrome,manik-manik,3D bunga,abstrak
hijau toska,cat eye hijau,bunga,chrome,bintang,3D bunga,miror
biru muda,cat eye biru,chrome,pita,sarang laba-laba,miror,abstrak
gradasi pink,peach,merah maron,chrome,mutiara,3D bunga,french crop,abstrak
putih,chrome,pink,pink frusia,french crop,3D bunga,kupu-kupu,mutiara,pita
merah maron,cat eye,french crop,bintang,manik-manik,chrome,3D bunga,abstrak
biru muda,putih,chrome,bunga,abstrak
merah maron,mutiara,3D bunga
cat eye putih,cat eye merah,chrome,kupu-kupu,cery,mutiara,pita,abstrak
hijau,gradasi merah,cat eye,painting,3D kupu-kupu,3D kerang,3D bunga,chrome,miror,pita,manik-manik
gradasi peach,3D pita,cat eye mahogani,chrome,bunga,pita
merah maron,chrome,french crop,putih,love,cat eye
hijau,chrome,putih,manik-manik,3D bunga,abstrak
hitam,pita,french crop,bunga,bintang,chrome
cokelat mahogani,putih,gradasi cokelat,abstrak
hitam,putih,cat eye,gradasi abu-abu,chrome,bintang,ular,miror,abstrak
putih,cokelat gel,merah maron,french crop,chrome,mutiara,manik-manik,3D bunga
pink,putih,gradasi pink,chrome,3D bunga,manik-manik,mutiara,abstrak
cokelat mahogani,putih,cokelat,chrome,manik-manik,bunga,pita,abstrak