pink,frusia,putih,bunga,french crop
cokelat gel,pink,chrome,matahari,abstrak,french crop
merah maron,cat eye
hitam,putih,chrome,mutiara,love 3D,pita,abstrak
pink,cat eye,bintang,french crop,abstrak
pink,cat eye,putih,pita,mutiara,3D bunga,3D kerang,french crop
pink frusia,cat eye,chrome,kupu-kupu,daun,abstrak
merah,pink frusia,pink pastel,stiker,chrome,pita,abstrak
abu-abu,kuning,cat eye,pink,hijau muda,chrome,french crop,3D bunga,bunga
putih,cat eye,pink,chrome,manik-manik,stamp,painting flower,bunga,painting pemandangan
putih,cat eye,hijau muda,peach,ungu,chrome,kuning,orange,hitam,mutiara,manik-manik,3D bunga,daun,abstrak
merah maron,cat eye,french crop,chrome,manik-manik,3D bunga,abstrak
hijau toska,cat eye hijau,bunga,chrome,bintang,3D bunga,miror
biru muda,cat eye biru,chrome,pita,sarang laba-laba,miror,abstrak
gradasi pink,peach,merah maron,chrome,mutiara,3D bunga,french crop,abstrak
putih,chrome,pink,pink frusia,french crop,3D bunga,kupu-kupu,mutiara,pita
merah maron,cat eye,french crop,bintang,manik-manik,chrome,3D bunga,abstrak
biru muda,putih,chrome,bunga,abstrak
merah maron,mutiara,3D bunga
cat eye putih,cat eye merah,chrome,kupu-kupu,cery,mutiara,pita,abstrak
hijau,gradasi merah,cat eye,painting,3D kupu-kupu,3D kerang,3D bunga,chrome,miror,pita,manik-manik
gradasi peach,3D pita,cat eye mahogani,chrome,bunga,pita
merah maron,chrome,french crop,putih,love,cat eye
hijau,chrome,putih,manik-manik,3D bunga,abstrak
hitam,pita,french crop,bunga,bintang,chrome
cokelat mahogani,putih,gradasi cokelat,abstrak
hitam,putih,cat eye,gradasi abu-abu,chrome,bintang,ular,miror,abstrak
putih,cokelat gel,merah maron,french crop,chrome,mutiara,manik-manik,3D bunga
pink,putih,gradasi pink,chrome,3D bunga,manik-manik,mutiara,abstrak
cokelat mahogani,putih,cokelat,chrome,manik-manik,bunga,pita,abstrak
pink,frusia,putih,cat eye,bunga,french crop,pita
putih,chrome,abstrak,mutiara
merah maron,cat eye,3D bunga,pita,abstrak
hitam,miror,chrome,bintang,french crop
pink,gradasi pink,mutiara,manik-manik,3D bunga,chrome
biru muda,putih,cat eye,kupu-kupu,abstrak
putih,french crop,chrome,pita,love 3D
merah,hitam,gradasi merah,ular,abstrak
cokelat gel,cokelat,gradasi cokelat,cat eye,chrome
pink pastel,putih,pita,3D bunga,french crop,mutiara
abu-abu,hitam,chrome,miror,bintang,abstrak
putih,peach,gradasi peach,cat eye,bunga
hijau muda,kuning,daun,painting flower,chrome
pink frusia,putih,cat eye,chrome,abstrak,kupu-kupu
merah maron,manik-manik,3D bunga,chrome,french crop
biru muda,cat eye biru,mutiara,pita,abstrak
hitam,putih,chrome,abstrak,french crop
putih,pink,gradasi pink,3D kerang,mutiara,bintang
cokelat mahogani,cat eye mahogani,chrome,pita
merah maron,putih,love,chrome,abstrak
hijau toska,putih,cat eye hijau,3D bunga,miror
pink,pink frusia,cat eye,mutiara,manik-manik,chrome
hitam,chrome,abstrak,sarang laba-laba
putih,kuning,orange,bunga,matahari,chrome
biru muda,abu-abu,miror,cat eye,abstrak
merah,cat eye merah,pita,mutiara,3D bunga
pink pastel,putih,bunga,french crop,chrome
cokelat gel,putih,french crop,abstrak
hitam,gradasi abu-abu,cat eye,bintang,miror
putih,merah maron,manik-manik,3D bunga,chrome,abstrak
pink,putih,pita,kupu-kupu,chrome
hijau,hijau muda,cat eye,daun,abstrak
putih,cat eye putih,mutiara,3D pita,french crop
cokelat mahogani,gradasi cokelat,chrome,abstrak
biru muda,putih,cat eye,miror,bintang
merah maron,cat eye,chrome,abstrak
pink,putih,cat eye,3D bunga,manik-manik,mutiara
hitam,chrome,miror,abstrak
putih,pink frusia,bunga,pita,french crop
merah,gradasi merah,cat eye,love,chrome
cokelat,cokelat gel,gradasi cokelat,abstrak
putih,biru muda,kupu-kupu,mutiara,chrome
pink pastel,peach,gradasi peach,bunga,3D bunga
hijau toska,hijau,cat eye hijau,chrome,miror
hitam,putih,french crop,chrome,abstrak
merah maron,putih,manik-manik,3D bunga,pita
pink,cat eye,chrome,bintang,abstrak
putih,cokelat mahogani,french crop,mutiara
abu-abu,gradasi abu-abu,chrome,miror,ular
pink frusia,pink,cat eye,kupu-kupu,abstrak
putih,kuning,painting flower,daun,chrome
biru muda,cat eye biru,miror,abstrak
merah maron,hitam,cat eye,chrome,bintang
putih,pink pastel,mutiara,3D bunga,french crop
cokelat gel,cat eye,chrome,abstrak
hitam,chrome,sarang laba-laba,miror,abstrak
putih,peach,orange,bunga,matahari
hijau muda,putih,cat eye,daun,chrome
pink,merah maron,gradasi pink,mutiara,3D bunga
putih,biru muda,cat eye,kupu-kupu,pita,chrome
hitam,putih,abstrak,chrome,miror
merah,putih,cat eye merah,love,french crop
pink frusia,putih,pita,3D pita,mutiara
cokelat mahogani,cokelat,cat eye mahogani,chrome,abstrak
putih,abu-abu,cat eye,bintang,miror
merah maron,putih,manik-manik,3D bunga,chrome,abstrak
pink,putih,french crop,chrome,kupu-kupu
hitam,gradasi abu-abu,miror,abstrak
putih,biru muda,cat eye biru,pita,mutiara
cokelat gel,gradasi cokelat,chrome,french crop